epoch,lr-AdamW,step,train_acc,train_loss,val_acc,val_loss
,0.001,0,,,,
0,,9,0.53125,0.6876875758171082,,
0,,19,0.34375,0.7083540558815002,,
0,,29,0.75,0.6520523428916931,,
0,,39,0.5,0.688201904296875,,
0,,49,0.53125,0.709747850894928,,
0,,59,0.34375,0.7621661424636841,,
0,,69,0.625,0.6818831562995911,,
0,,79,0.21875,0.7560036778450012,,
0,,89,0.375,0.7182716131210327,,
0,,99,0.46875,0.6942976117134094,,
0,,109,0.40625,0.7020368576049805,,
0,,119,0.5,0.6962818503379822,,
0,,129,0.5625,0.689868152141571,,
0,,139,0.5625,0.6886621713638306,,
0,,149,0.34375,0.6998773217201233,,
0,,159,0.4375,0.7083621621131897,,
0,,169,0.46875,0.6957223415374756,,
0,,179,0.625,0.6853420734405518,,
0,,189,0.59375,0.6910956501960754,,
0,,199,0.375,0.6922764778137207,,
0,,209,0.5625,0.6839568018913269,,
0,,219,0.6875,0.6610990762710571,,
0,,229,0.625,0.6661400198936462,,
0,,239,0.53125,0.6914421319961548,,
0,,249,0.46875,0.6973850131034851,,
0,,259,0.5,0.6992604732513428,,
0,,269,0.4375,0.698451042175293,,
0,,279,0.4375,0.6934957504272461,,
0,,289,0.375,0.6990102529525757,,
0,,299,0.5,0.6957241892814636,,
0,,309,0.5625,0.6969759464263916,,
0,,319,0.53125,0.6971608996391296,,
0,,329,0.6875,0.6891862750053406,,
0,,339,0.5,0.6943433880805969,,
0,,349,0.65625,0.6837307810783386,,
0,,359,0.53125,0.6926218867301941,,
0,,369,0.4375,0.6985853910446167,,
0,,379,0.53125,0.6895816922187805,,
0,,389,0.34375,0.6967082619667053,,
0,,399,0.5625,0.688769519329071,,
0,,409,0.40625,0.6957761645317078,,
0,,419,0.375,0.6962463855743408,,
0,,429,0.59375,0.6898319125175476,,
0,,439,0.3125,0.7002795934677124,,
0,,449,0.40625,0.6952293515205383,,
0,,459,0.53125,0.6898309588432312,,
0,,469,0.5,0.6905428171157837,,
0,,479,0.40625,0.6931529641151428,,
0,,489,0.34375,0.6981494426727295,,
0,,499,0.59375,0.6889539361000061,,
0,,509,0.40625,0.6976916790008545,,
0,,519,0.375,0.6971475481987,,
0,,529,0.46875,0.6916258931159973,,
0,,539,0.5,0.6947728395462036,,
0,,549,0.53125,0.6868341565132141,,
0,,559,0.5,0.6919705867767334,,
0,,569,0.4375,0.6981583833694458,,
0,,579,0.4375,0.6969779133796692,,
0,,589,0.3125,0.7018686532974243,,
0,,599,0.53125,0.6927704811096191,,
0,,609,0.46875,0.6988222599029541,,
0,,619,0.46875,0.6957137584686279,,
0,,629,0.40625,0.6992008686065674,,
0,,639,0.53125,0.6942653656005859,,
0,,649,0.6875,0.6774815320968628,,
0,,651,,,0.5138004422187805,0.6944177150726318
,0.0009990143508499217,652,,,,
1,,659,0.5,0.6940959692001343,,
1,,669,0.5625,0.6906225085258484,,
1,,679,0.46875,0.6952610015869141,,
1,,689,0.65625,0.686021089553833,,
1,,699,0.53125,0.6915677189826965,,
1,,709,0.46875,0.6960469484329224,,
1,,719,0.5,0.6930487155914307,,
1,,729,0.625,0.681512713432312,,
1,,739,0.3125,0.7052106261253357,,
1,,749,0.375,0.6997989416122437,,
1,,759,0.46875,0.6914986371994019,,
1,,769,0.6875,0.6849902868270874,,
1,,779,0.5625,0.6882144212722778,,
1,,789,0.375,0.7026994824409485,,
1,,799,0.65625,0.6866827011108398,,
1,,809,0.4375,0.6954576969146729,,
1,,819,0.46875,0.6955052614212036,,
1,,829,0.59375,0.6912152767181396,,
1,,839,0.4375,0.6915941834449768,,
1,,849,0.5625,0.6909723877906799,,
1,,859,0.4375,0.6998521089553833,,
1,,869,0.53125,0.6922182440757751,,
1,,879,0.46875,0.7017852067947388,,
1,,889,0.625,0.6814021468162537,,
1,,899,0.34375,0.7108752131462097,,
1,,909,0.53125,0.6893584728240967,,
1,,919,0.5625,0.6905195713043213,,
1,,929,0.53125,0.6928368210792542,,
1,,939,0.65625,0.6864150166511536,,
1,,949,0.53125,0.6910451650619507,,
1,,959,0.5,0.6962535381317139,,
1,,969,0.46875,0.6951098442077637,,
1,,979,0.3125,0.7008155584335327,,
1,,989,0.46875,0.6941952109336853,,
1,,999,0.71875,0.6800640821456909,,
1,,1009,0.375,0.7064418196678162,,
1,,1019,0.3125,0.7095193266868591,,
1,,1029,0.46875,0.6942293643951416,,
1,,1039,0.5625,0.6935973763465881,,
1,,1049,0.625,0.6903538107872009,,
1,,1059,0.46875,0.6943589448928833,,
1,,1069,0.34375,0.6990197896957397,,
1,,1079,0.6875,0.6885499954223633,,
1,,1089,0.5,0.6945921778678894,,
1,,1099,0.5625,0.6939263939857483,,
1,,1109,0.53125,0.6917910575866699,,
1,,1119,0.5,0.6931899785995483,,
1,,1129,0.53125,0.6940239071846008,,
1,,1139,0.46875,0.696123480796814,,
1,,1149,0.4375,0.6951406002044678,,
1,,1159,0.4375,0.6962653398513794,,
1,,1169,0.5625,0.6925961375236511,,
1,,1179,0.40625,0.6951571702957153,,
1,,1189,0.5,0.6934077739715576,,
1,,1199,0.4375,0.6944393515586853,,
1,,1209,0.6875,0.6914135813713074,,
1,,1219,0.625,0.6903547644615173,,
1,,1229,0.4375,0.6936216354370117,,
1,,1239,0.5,0.6918374300003052,,
1,,1249,0.625,0.6878957748413086,,
1,,1259,0.53125,0.6914452314376831,,
1,,1269,0.46875,0.6966128349304199,,
1,,1279,0.59375,0.6874648332595825,,
1,,1289,0.46875,0.6951544284820557,,
1,,1299,0.40625,0.704745888710022,,
1,,1303,,,0.5138004422187805,0.6932529211044312
,0.0009960612933065818,1304,,,,
2,,1309,0.4375,0.6932905316352844,,
2,,1319,0.53125,0.6939389705657959,,
2,,1329,0.53125,0.6932934522628784,,
2,,1339,0.5625,0.6924625635147095,,
2,,1349,0.4375,0.6975371837615967,,
2,,1359,0.375,0.7038865089416504,,
2,,1369,0.46875,0.7007203698158264,,
2,,1379,0.5,0.6944716572761536,,
2,,1389,0.75,0.6704610586166382,,
2,,1399,0.5,0.6926222443580627,,
2,,1409,0.53125,0.6932494640350342,,
2,,1419,0.65625,0.6888059377670288,,
2,,1429,0.65625,0.6868717670440674,,
2,,1439,0.46875,0.6964169144630432,,
2,,1449,0.5,0.6941192746162415,,
2,,1459,0.375,0.6980187296867371,,
2,,1469,0.5,0.6917301416397095,,
2,,1479,0.5,0.6915836334228516,,
2,,1489,0.65625,0.6904793381690979,,
2,,1499,0.5625,0.6944084167480469,,
2,,1509,0.46875,0.6998609304428101,,
2,,1519,0.5625,0.6876252889633179,,
2,,1529,0.5625,0.6876605749130249,,
2,,1539,0.3125,0.7403209209442139,,
2,,1549,0.46875,0.6994560956954956,,
2,,1559,0.46875,0.7029865980148315,,
2,,1569,0.34375,0.7048754692077637,,
2,,1579,0.40625,0.6946675777435303,,
2,,1589,0.53125,0.6930968761444092,,
2,,1599,0.625,0.6881892681121826,,
2,,1609,0.375,0.6984743475914001,,
2,,1619,0.46875,0.6984897255897522,,
2,,1629,0.46875,0.6927934288978577,,
2,,1639,0.5625,0.6936500072479248,,
2,,1649,0.71875,0.6820324659347534,,
2,,1659,0.40625,0.7033988833427429,,
2,,1669,0.4375,0.6970211863517761,,
2,,1679,0.375,0.6994885802268982,,
2,,1689,0.5,0.6951747536659241,,
2,,1699,0.46875,0.6932696104049683,,
2,,1709,0.40625,0.6969292759895325,,
2,,1719,0.46875,0.6963454484939575,,
2,,1729,0.5625,0.6915631294250488,,
2,,1739,0.3125,0.6994335055351257,,
2,,1749,0.6875,0.6899282336235046,,
2,,1759,0.625,0.6912922263145447,,
2,,1769,0.40625,0.6959352493286133,,
2,,1779,0.5625,0.6933267712593079,,
2,,1789,0.53125,0.6915713548660278,,
2,,1799,0.5,0.693463146686554,,
2,,1809,0.59375,0.6916119456291199,,
2,,1819,0.40625,0.6946408748626709,,
2,,1829,0.53125,0.6912742853164673,,
2,,1839,0.34375,0.6960495710372925,,
2,,1849,0.5,0.694127082824707,,
2,,1859,0.40625,0.6968691349029541,,
2,,1869,0.375,0.6954068541526794,,
2,,1879,0.28125,0.699373722076416,,
2,,1889,0.5,0.6931345462799072,,
2,,1899,0.5625,0.6908398866653442,,
2,,1909,0.625,0.6904423832893372,,
2,,1919,0.5,0.6940401196479797,,
2,,1929,0.71875,0.6862526535987854,,
2,,1939,0.53125,0.6942440271377563,,
2,,1949,0.46875,0.6926862597465515,,
2,,1955,,,0.5138004422187805,0.6928635835647583
,0.00099115248173898,1956,,,,
3,,1959,0.65625,0.6893651485443115,,
3,,1969,0.65625,0.6909770369529724,,
3,,1979,0.625,0.6919600963592529,,
3,,1989,0.375,0.6965135931968689,,
3,,1999,0.78125,0.6846538782119751,,
3,,2009,0.5,0.6951781511306763,,
3,,2019,0.375,0.6985993385314941,,
3,,2029,0.40625,0.6973254680633545,,
3,,2039,0.4375,0.7007677555084229,,
3,,2049,0.46875,0.6943597197532654,,
3,,2059,0.78125,0.6765362024307251,,
3,,2069,0.40625,0.6981952786445618,,
3,,2079,0.5625,0.6927883625030518,,
3,,2089,0.875,0.6758432388305664,,
3,,2099,0.375,0.7007694244384766,,
3,,2109,0.46875,0.6908751726150513,,
3,,2119,0.375,0.6934134364128113,,
3,,2129,0.65625,0.6894723176956177,,
3,,2139,0.53125,0.6918067932128906,,
3,,2149,0.625,0.6921638250350952,,
3,,2159,0.6875,0.6847407817840576,,
3,,2169,0.625,0.6836133599281311,,
3,,2179,0.65625,0.6794240474700928,,
3,,2189,0.40625,0.7038227915763855,,
3,,2199,0.34375,0.713417112827301,,
3,,2209,0.5625,0.6903620362281799,,
3,,2219,0.34375,0.6955822110176086,,
3,,2229,0.59375,0.6894985437393188,,
3,,2239,0.28125,0.7009627819061279,,
3,,2249,0.59375,0.687891960144043,,
3,,2259,0.40625,0.6986680626869202,,
3,,2269,0.53125,0.692932665348053,,
3,,2279,0.65625,0.6867885589599609,,
3,,2289,0.40625,0.7001297473907471,,
3,,2299,0.59375,0.6912934184074402,,
3,,2309,0.5,0.6945900917053223,,
3,,2319,0.5625,0.6863702535629272,,
3,,2329,0.59375,0.6882275342941284,,
3,,2339,0.53125,0.6939208507537842,,
3,,2349,0.4375,0.6949097514152527,,
3,,2359,0.375,0.6969126462936401,,
3,,2369,0.6875,0.6862484216690063,,
3,,2379,0.3125,0.7006890177726746,,
3,,2389,0.25,0.699107825756073,,
3,,2399,0.46875,0.6955159902572632,,
3,,2409,0.59375,0.6922788023948669,,
3,,2419,0.5,0.6929053068161011,,
3,,2429,0.65625,0.6889258027076721,,
3,,2439,0.59375,0.6911683082580566,,
3,,2449,0.5625,0.6923381090164185,,
3,,2459,0.5,0.6948081254959106,,
3,,2469,0.4375,0.6929739713668823,,
3,,2479,0.46875,0.6940634250640869,,
3,,2489,0.46875,0.6951718926429749,,
3,,2499,0.40625,0.6942803859710693,,
3,,2509,0.46875,0.6928648948669434,,
3,,2519,0.375,0.6947735548019409,,
3,,2529,0.65625,0.6897996664047241,,
3,,2539,0.5,0.6926975250244141,,
3,,2549,0.71875,0.688583493232727,,
3,,2559,0.40625,0.6980295181274414,,
3,,2569,0.4375,0.6934970617294312,,
3,,2579,0.59375,0.6909573078155518,,
3,,2589,0.375,0.6974825263023376,,
3,,2599,0.4375,0.6953247785568237,,
3,,2607,,,0.48388341069221497,0.6931873559951782
,0.0009843072889837512,2608,,,,
4,,2609,0.53125,0.6932753920555115,,
4,,2619,0.5,0.6918085813522339,,
4,,2629,0.71875,0.6909388899803162,,
4,,2639,0.59375,0.692206859588623,,
4,,2649,0.5,0.6918620467185974,,
4,,2659,0.40625,0.6977221965789795,,
4,,2669,0.59375,0.6898130774497986,,
4,,2679,0.59375,0.6895775198936462,,
4,,2689,0.40625,0.6999483108520508,,
4,,2699,0.65625,0.6858396530151367,,
4,,2709,0.5,0.6916242837905884,,
4,,2719,0.40625,0.6963499188423157,,
4,,2729,0.53125,0.6912294030189514,,
4,,2739,0.40625,0.696077287197113,,
4,,2749,0.5625,0.6912113428115845,,
4,,2759,0.53125,0.692188560962677,,
4,,2769,0.46875,0.6947298645973206,,
4,,2779,0.34375,0.6953202486038208,,
4,,2789,0.3125,0.6973551511764526,,
4,,2799,0.53125,0.6926173567771912,,
4,,2809,0.5,0.6932473182678223,,
4,,2819,0.4375,0.6989619731903076,,
4,,2829,0.59375,0.6858395934104919,,
4,,2839,0.375,0.7013149261474609,,
4,,2849,0.59375,0.6869642734527588,,
4,,2859,0.34375,0.7045438289642334,,
4,,2869,0.4375,0.6941179633140564,,
4,,2879,0.4375,0.6950900554656982,,
4,,2889,0.5,0.6951140761375427,,
4,,2899,0.375,0.6977791786193848,,
4,,2909,0.46875,0.6951476335525513,,
4,,2919,0.46875,0.6952301263809204,,
4,,2929,0.59375,0.6887584924697876,,
4,,2939,0.65625,0.6870777606964111,,
4,,2949,0.625,0.6849046945571899,,
4,,2959,0.46875,0.6950298547744751,,
4,,2969,0.40625,0.6998932957649231,,
4,,2979,0.4375,0.6961715221405029,,
4,,2989,0.53125,0.6915484666824341,,
4,,2999,0.625,0.6877984404563904,,
4,,3009,0.53125,0.6940767765045166,,
4,,3019,0.5,0.694619357585907,,
4,,3029,0.375,0.6979748010635376,,
4,,3039,0.65625,0.6868866682052612,,
4,,3049,0.625,0.6895843744277954,,
4,,3059,0.59375,0.6896193623542786,,
4,,3069,0.3125,0.6967140436172485,,
4,,3079,0.5,0.6927081942558289,,
4,,3089,0.4375,0.694753110408783,,
4,,3099,0.46875,0.6945462822914124,,
4,,3109,0.5,0.6939685344696045,,
4,,3119,0.46875,0.6945235729217529,,
4,,3129,0.53125,0.6925710439682007,,
4,,3139,0.4375,0.6944781541824341,,
4,,3149,0.5625,0.6927669048309326,,
4,,3159,0.46875,0.6931145787239075,,
4,,3169,0.5,0.6920473575592041,,
4,,3179,0.65625,0.6898901462554932,,
4,,3189,0.4375,0.6958476901054382,,
4,,3199,0.625,0.689358115196228,,
4,,3209,0.75,0.6846857666969299,,
4,,3219,0.375,0.6981370449066162,,
4,,3229,0.5,0.6935638785362244,,
4,,3239,0.375,0.6980190873146057,,
4,,3249,0.59375,0.689264178276062,,
4,,3259,0.5625,0.6923933625221252,,
4,,3259,,,0.48619958758354187,0.6934468150138855
,0.0009755527298894294,3260,,,,
5,,3269,0.3125,0.6958180665969849,,
5,,3279,0.3125,0.6962560415267944,,
5,,3289,0.75,0.6899914145469666,,
5,,3299,0.5,0.6944915652275085,,
5,,3309,0.5,0.6932551860809326,,
5,,3319,0.65625,0.6901716589927673,,
5,,3329,0.625,0.6879709362983704,,
5,,3339,0.21875,0.7087191939353943,,
5,,3349,0.65625,0.6872658729553223,,
5,,3359,0.5,0.6933351159095764,,
5,,3369,0.46875,0.6961650848388672,,
5,,3379,0.65625,0.6871834397315979,,
5,,3389,0.53125,0.691944420337677,,
5,,3399,0.53125,0.690997302532196,,
5,,3409,0.4375,0.6983504295349121,,
5,,3419,0.53125,0.6906207203865051,,
5,,3429,0.5,0.6933345794677734,,
5,,3439,0.3125,0.6952829360961914,,
5,,3449,0.375,0.6960951089859009,,
5,,3459,0.5,0.6931465864181519,,
5,,3469,0.5625,0.6894524097442627,,
5,,3479,0.6875,0.6810986399650574,,
5,,3489,0.625,0.6791565418243408,,
5,,3499,0.5625,0.6887087225914001,,
5,,3509,0.3125,0.7060931921005249,,
5,,3519,0.4375,0.6954183578491211,,
5,,3529,0.53125,0.6921195387840271,,
5,,3539,0.625,0.6904675960540771,,
5,,3549,0.3125,0.704531192779541,,
5,,3559,0.53125,0.6920875310897827,,
5,,3569,0.46875,0.6945303082466125,,
5,,3579,0.53125,0.690598726272583,,
5,,3589,0.625,0.6864404678344727,,
5,,3599,0.53125,0.6917524933815002,,
5,,3609,0.65625,0.6836980581283569,,
5,,3619,0.53125,0.6890954375267029,,
5,,3629,0.4375,0.6984100341796875,,
5,,3639,0.40625,0.6967757940292358,,
5,,3649,0.65625,0.6870235800743103,,
5,,3659,0.6875,0.6865729093551636,,
5,,3669,0.53125,0.6928942203521729,,
5,,3679,0.53125,0.692527174949646,,
5,,3689,0.40625,0.6963156461715698,,
5,,3699,0.625,0.6895109415054321,,
5,,3709,0.5625,0.6920639276504517,,
5,,3719,0.46875,0.6935384273529053,,
5,,3729,0.5,0.6947765946388245,,
5,,3739,0.5625,0.6932841539382935,,
5,,3749,0.5,0.692901074886322,,
5,,3759,0.34375,0.69638991355896,,
5,,3769,0.4375,0.6941002011299133,,
5,,3779,0.5625,0.6932194232940674,,
5,,3789,0.5625,0.6935505867004395,,
5,,3799,0.46875,0.6943312883377075,,
5,,3809,0.5,0.6933266520500183,,
5,,3819,0.5,0.6950817704200745,,
5,,3829,0.53125,0.693464994430542,,
5,,3839,0.5,0.6933801770210266,,
5,,3849,0.375,0.6962693929672241,,
5,,3859,0.5,0.6929848790168762,,
5,,3869,0.46875,0.6946326494216919,,
5,,3879,0.5,0.6920060515403748,,
5,,3889,0.40625,0.6963944435119629,,
5,,3899,0.34375,0.6975026726722717,,
5,,3909,0.3125,0.6975008249282837,,
5,,3911,,,0.48619958758354187,0.6934436559677124
,0.0009649233547011816,3912,,,,
6,,3919,0.5,0.693601131439209,,
6,,3929,0.625,0.6905820369720459,,
6,,3939,0.53125,0.6930009126663208,,
6,,3949,0.625,0.6906522512435913,,
6,,3959,0.53125,0.6931097507476807,,
6,,3969,0.5,0.6941279172897339,,
6,,3979,0.5,0.6931880116462708,,
6,,3989,0.625,0.6885729432106018,,
6,,3999,0.3125,0.7002444863319397,,
6,,4009,0.375,0.6968706250190735,,
6,,4019,0.46875,0.6944312453269958,,
6,,4029,0.6875,0.6851106882095337,,
6,,4039,0.5625,0.6904054880142212,,
6,,4049,0.375,0.7013603448867798,,
6,,4059,0.625,0.6874274015426636,,
6,,4069,0.46875,0.6944084763526917,,
6,,4079,0.46875,0.6937081813812256,,
6,,4089,0.75,0.6883430480957031,,
6,,4099,0.5625,0.6924822330474854,,
6,,4109,0.75,0.6882504224777222,,
6,,4119,0.40625,0.6960019469261169,,
6,,4129,0.53125,0.6913514733314514,,
6,,4139,0.46875,0.6977200508117676,,
6,,4149,0.625,0.6874675154685974,,
6,,4159,0.34375,0.7037338018417358,,
6,,4169,0.5,0.6940038204193115,,
6,,4179,0.53125,0.6925278306007385,,
6,,4189,0.71875,0.6871272325515747,,
6,,4199,0.625,0.6890662312507629,,
6,,4209,0.53125,0.6924030184745789,,
6,,4219,0.4375,0.6959162354469299,,
6,,4229,0.46875,0.6943830251693726,,
6,,4239,0.28125,0.7042000889778137,,
6,,4249,0.5625,0.690951406955719,,
6,,4259,0.75,0.6803150177001953,,
6,,4269,0.375,0.7021463513374329,,
6,,4279,0.3125,0.7034549713134766,,
6,,4289,0.53125,0.6917151212692261,,
6,,4299,0.4375,0.6985206007957458,,
6,,4309,0.5,0.6912904977798462,,
6,,4319,0.53125,0.6908663511276245,,
6,,4329,0.25,0.7028816938400269,,
6,,4339,0.5,0.6920624375343323,,
6,,4349,0.53125,0.6921496391296387,,
6,,4359,0.53125,0.6932275891304016,,
6,,4369,0.59375,0.6898412108421326,,
6,,4379,0.46875,0.692473828792572,,
6,,4389,0.5,0.6930610537528992,,
6,,4399,0.46875,0.6941214203834534,,
6,,4409,0.5,0.6936382055282593,,
6,,4419,0.40625,0.6969689726829529,,
6,,4429,0.5,0.6933484077453613,,
6,,4439,0.6875,0.6895516514778137,,
6,,4449,0.5,0.6933783888816833,,
6,,4459,0.5,0.6938563585281372,,
6,,4469,0.65625,0.6893672347068787,,
6,,4479,0.65625,0.6887797713279724,,
6,,4489,0.375,0.6973955631256104,,
6,,4499,0.46875,0.6934522390365601,,
6,,4509,0.59375,0.689495325088501,,
6,,4519,0.53125,0.6937536597251892,,
6,,4529,0.4375,0.6964375972747803,,
6,,4539,0.625,0.6865021586418152,,
6,,4549,0.5,0.6949236392974854,,
6,,4559,0.5625,0.6918354034423828,,
6,,4563,,,0.48619958758354187,0.6934679746627808
,0.0009524611127067769,4564,,,,
7,,4569,0.5625,0.6925370097160339,,
7,,4579,0.4375,0.6941347718238831,,
7,,4589,0.53125,0.6930358409881592,,
7,,4599,0.53125,0.6930820941925049,,
7,,4609,0.4375,0.6941801309585571,,
7,,4619,0.375,0.6977075934410095,,
7,,4629,0.46875,0.6933280229568481,,
7,,4639,0.5,0.6925613880157471,,
7,,4649,0.75,0.684106707572937,,
7,,4659,0.5,0.6938881278038025,,
7,,4669,0.53125,0.6920393705368042,,
7,,4679,0.71875,0.6838748455047607,,
7,,4689,0.71875,0.6848678588867188,,
7,,4699,0.46875,0.6948806047439575,,
7,,4709,0.5,0.6930611729621887,,
7,,4719,0.34375,0.6999555826187134,,
7,,4729,0.65625,0.6891815662384033,,
7,,4739,0.53125,0.693169355392456,,
7,,4749,0.5,0.6931711435317993,,
7,,4759,0.375,0.695873498916626,,
7,,4769,0.46875,0.694079577922821,,
7,,4779,0.5625,0.6895631551742554,,
7,,4789,0.5625,0.6907624006271362,,
7,,4799,0.3125,0.7099126577377319,,
7,,4809,0.40625,0.7006725668907166,,
7,,4819,0.625,0.6874753832817078,,
7,,4829,0.65625,0.6866754293441772,,
7,,4839,0.46875,0.6949927806854248,,
7,,4849,0.53125,0.6935927271842957,,
7,,4859,0.625,0.6872972846031189,,
7,,4869,0.375,0.6993301510810852,,
7,,4879,0.46875,0.6948698163032532,,
7,,4889,0.5,0.6927267909049988,,
7,,4899,0.53125,0.6929183602333069,,
7,,4909,0.71875,0.6829264760017395,,
7,,4919,0.40625,0.698125422000885,,
7,,4929,0.4375,0.6970545649528503,,
7,,4939,0.375,0.7003937363624573,,
7,,4949,0.5,0.6917439699172974,,
7,,4959,0.375,0.6976221203804016,,
7,,4969,0.40625,0.697681188583374,,
7,,4979,0.46875,0.6944287419319153,,
7,,4989,0.59375,0.6899149417877197,,
7,,4999,0.28125,0.7008141875267029,,
7,,5009,0.6875,0.6880708932876587,,
7,,5019,0.625,0.6899193525314331,,
7,,5029,0.375,0.696110725402832,,
7,,5039,0.5,0.6938533186912537,,
7,,5049,0.59375,0.691662609577179,,
7,,5059,0.46875,0.6933934092521667,,
7,,5069,0.40625,0.6943767070770264,,
7,,5079,0.53125,0.6926374435424805,,
7,,5089,0.28125,0.6966260075569153,,
7,,5099,0.375,0.6960022449493408,,
7,,5109,0.3125,0.6961241960525513,,
7,,5119,0.34375,0.6963480114936829,,
7,,5129,0.28125,0.6974779367446899,,
7,,5139,0.3125,0.6982284784317017,,
7,,5149,0.5,0.6920075416564941,,
7,,5159,0.46875,0.6939166784286499,,
7,,5169,0.625,0.6894215941429138,,
7,,5179,0.46875,0.6943439841270447,,
7,,5189,0.6875,0.6857697367668152,,
7,,5199,0.53125,0.6917612552642822,,
7,,5209,0.46875,0.6938090324401855,,
7,,5215,,,0.48619958758354187,0.6935009360313416
,0.0009382151866819099,5216,,,,
8,,5219,0.40625,0.6961098909378052,,
8,,5229,0.5,0.6928213238716125,,
8,,5239,0.53125,0.6924352645874023,,
8,,5249,0.375,0.6981217861175537,,
8,,5259,0.78125,0.6742806434631348,,
8,,5269,0.5,0.6928273439407349,,
8,,5279,0.375,0.6973692178726196,,
8,,5289,0.40625,0.6989599466323853,,
8,,5299,0.4375,0.7044543027877808,,
8,,5309,0.46875,0.6922096610069275,,
8,,5319,0.78125,0.6809502840042114,,
8,,5329,0.40625,0.6963052749633789,,
8,,5339,0.5625,0.6896880865097046,,
8,,5349,0.875,0.6781899929046631,,
8,,5359,0.375,0.69881272315979,,
8,,5369,0.53125,0.6927541494369507,,
8,,5379,0.5625,0.6925300359725952,,
8,,5389,0.40625,0.694621205329895,,
8,,5399,0.71875,0.6901930570602417,,
8,,5409,0.5625,0.691347062587738,,
8,,5419,0.6875,0.6900615096092224,,
8,,5429,0.625,0.6899199485778809,,
8,,5439,0.65625,0.6880266070365906,,
8,,5449,0.40625,0.6974733471870422,,
8,,5459,0.34375,0.6999127864837646,,
8,,5469,0.5625,0.6906707286834717,,
8,,5479,0.59375,0.6904608607292175,,
8,,5489,0.59375,0.690017580986023,,
8,,5499,0.25,0.7017158269882202,,
8,,5509,0.59375,0.6909453868865967,,
8,,5519,0.40625,0.6972644925117493,,
8,,5529,0.5625,0.6911032199859619,,
8,,5539,0.625,0.6882396340370178,,
8,,5549,0.40625,0.6968482732772827,,
8,,5559,0.59375,0.6903557181358337,,
8,,5569,0.5,0.6950129270553589,,
8,,5579,0.5625,0.6897821426391602,,
8,,5589,0.59375,0.6891895532608032,,
8,,5599,0.71875,0.6856977343559265,,
8,,5609,0.40625,0.6967955231666565,,
8,,5619,0.375,0.6983952522277832,,
8,,5629,0.6875,0.6868337392807007,,
8,,5639,0.3125,0.6999865770339966,,
8,,5649,0.3125,0.6980026960372925,,
8,,5659,0.4375,0.6943497061729431,,
8,,5669,0.5625,0.6910498142242432,,
8,,5679,0.5,0.6946184635162354,,
8,,5689,0.625,0.6902890205383301,,
8,,5699,0.6875,0.6885393261909485,,
8,,5709,0.53125,0.6918144226074219,,
8,,5719,0.40625,0.6954936981201172,,
8,,5729,0.5625,0.6921976804733276,,
8,,5739,0.65625,0.6908918023109436,,
8,,5749,0.21875,0.6987500786781311,,
8,,5759,0.4375,0.6934130191802979,,
8,,5769,0.53125,0.6925308704376221,,
8,,5779,0.4375,0.6935067772865295,,
8,,5789,0.625,0.6899662017822266,,
8,,5799,0.5,0.6930962204933167,,
8,,5809,0.71875,0.6868135929107666,,
8,,5819,0.375,0.6972342133522034,,
8,,5829,0.46875,0.6942904591560364,,
8,,5839,0.59375,0.689230740070343,,
8,,5849,0.375,0.6977726817131042,,
8,,5859,0.4375,0.6946984529495239,,
8,,5867,,,0.48619958758354187,0.6934441924095154
,0.0009222417987882566,5868,,,,
9,,5869,0.65625,0.690575122833252,,
9,,5879,0.59375,0.6915739178657532,,
9,,5889,0.6875,0.6890880465507507,,
9,,5899,0.4375,0.6941860318183899,,
9,,5909,0.53125,0.6927123069763184,,
9,,5919,0.40625,0.6956238150596619,,
9,,5929,0.625,0.6908527612686157,,
9,,5939,0.59375,0.690223217010498,,
9,,5949,0.40625,0.6964253187179565,,
9,,5959,0.65625,0.6882893443107605,,
9,,5969,0.5,0.6928784251213074,,
9,,5979,0.40625,0.6969825625419617,,
9,,5989,0.53125,0.6923372745513916,,
9,,5999,0.40625,0.6956326961517334,,
9,,6009,0.5625,0.6904492378234863,,
9,,6019,0.53125,0.6925110816955566,,
9,,6029,0.5,0.6937372088432312,,
9,,6039,0.375,0.696550726890564,,
9,,6049,0.34375,0.6976513266563416,,
9,,6059,0.53125,0.6931175589561462,,
9,,6069,0.5625,0.6921173334121704,,
9,,6079,0.4375,0.6954951286315918,,
9,,6089,0.625,0.6881977319717407,,
9,,6099,0.375,0.6990576386451721,,
9,,6109,0.59375,0.6892696619033813,,
9,,6119,0.34375,0.7011831402778625,,
9,,6129,0.40625,0.6984283924102783,,
9,,6139,0.4375,0.6955736875534058,,
9,,6149,0.46875,0.6938708424568176,,
9,,6159,0.375,0.6981099247932434,,
9,,6169,0.46875,0.6948422193527222,,
9,,6179,0.46875,0.6953907608985901,,
9,,6189,0.59375,0.6889698505401611,,
9,,6199,0.65625,0.687731921672821,,
9,,6209,0.625,0.6879657506942749,,
9,,6219,0.46875,0.695838451385498,,
9,,6229,0.40625,0.699009895324707,,
9,,6239,0.4375,0.6962454319000244,,
9,,6249,0.5625,0.6902273893356323,,
9,,6259,0.625,0.6891942620277405,,
9,,6269,0.53125,0.6916479468345642,,
9,,6279,0.5,0.6941466331481934,,
9,,6289,0.375,0.6986738443374634,,
9,,6299,0.625,0.6894035935401917,,
9,,6309,0.59375,0.6904792785644531,,
9,,6319,0.59375,0.6903209686279297,,
9,,6329,0.3125,0.6984187960624695,,
9,,6339,0.53125,0.6918213963508606,,
9,,6349,0.375,0.6950763463973999,,
9,,6359,0.34375,0.6957582831382751,,
9,,6369,0.34375,0.6951149702072144,,
9,,6379,0.65625,0.691519021987915,,
9,,6389,0.34375,0.6961658596992493,,
9,,6399,0.65625,0.6910964250564575,,
9,,6409,0.8125,0.6877850890159607,,
9,,6419,0.4375,0.694275975227356,,
9,,6429,0.53125,0.6924532651901245,,
9,,6439,0.65625,0.6901258230209351,,
9,,6449,0.4375,0.6948021650314331,,
9,,6459,0.625,0.689687967300415,,
9,,6469,0.75,0.685288667678833,,
9,,6479,0.375,0.6979482173919678,,
9,,6489,0.5,0.6939289569854736,,
9,,6499,0.375,0.6972528100013733,,
9,,6509,0.59375,0.69029700756073,,
9,,6519,0.59375,0.6905530691146851,,
9,,6519,,,0.48619958758354187,0.6935552954673767
,0.0009046039886902864,6520,,,,
10,,6529,0.3125,0.6976852416992188,,
10,,6539,0.3125,0.6972224712371826,,
10,,6549,0.78125,0.6878668665885925,,
10,,6559,0.53125,0.6925042867660522,,
10,,6569,0.5,0.6919078826904297,,
10,,6579,0.65625,0.6893821954727173,,
10,,6589,0.625,0.6892482042312622,,
10,,6599,0.21875,0.7036499977111816,,
10,,6609,0.65625,0.6879390478134155,,
10,,6619,0.5,0.6930992603302002,,
10,,6629,0.46875,0.694635808467865,,
10,,6639,0.65625,0.6879423260688782,,
10,,6649,0.53125,0.6926707029342651,,
10,,6659,0.53125,0.6924840211868286,,
10,,6669,0.4375,0.695068895816803,,
10,,6679,0.5625,0.6907358169555664,,
10,,6689,0.53125,0.6926289796829224,,
10,,6699,0.375,0.6973301768302917,,
10,,6709,0.4375,0.6948320865631104,,
10,,6719,0.5,0.6927633881568909,,
10,,6729,0.5625,0.6913643479347229,,
10,,6739,0.6875,0.6861075162887573,,
10,,6749,0.625,0.686652660369873,,
10,,6759,0.5625,0.6904311776161194,,
10,,6769,0.3125,0.7023216485977173,,
10,,6779,0.53125,0.6922186017036438,,
10,,6789,0.5625,0.6913037300109863,,
10,,6799,0.625,0.6893064975738525,,
10,,6809,0.3125,0.7002599239349365,,
10,,6819,0.53125,0.6919874548912048,,
10,,6829,0.46875,0.6944288015365601,,
10,,6839,0.53125,0.6917491555213928,,
10,,6849,0.625,0.6874551773071289,,
10,,6859,0.53125,0.6926712989807129,,
10,,6869,0.65625,0.6855682730674744,,
10,,6879,0.53125,0.6911493539810181,,
10,,6889,0.4375,0.6964461207389832,,
10,,6899,0.40625,0.6986055374145508,,
10,,6909,0.6875,0.685841977596283,,
10,,6919,0.6875,0.685039222240448,,
10,,6929,0.53125,0.6921858787536621,,
10,,6939,0.53125,0.6924490928649902,,
10,,6949,0.4375,0.6955410838127136,,
10,,6959,0.59375,0.6922723650932312,,
10,,6969,0.53125,0.6923173069953918,,
10,,6979,0.5,0.6931074857711792,,
10,,6989,0.4375,0.6955995559692383,,
10,,6999,0.53125,0.6924786567687988,,
10,,7009,0.53125,0.6921173334121704,,
10,,7019,0.4375,0.6947375535964966,,
10,,7029,0.6875,0.688764750957489,,
10,,7039,0.59375,0.691224217414856,,
10,,7049,0.65625,0.6894881129264832,,
10,,7059,0.375,0.6966205835342407,,
10,,7069,0.6875,0.6884815692901611,,
10,,7079,0.59375,0.6907508969306946,,
10,,7089,0.40625,0.6959268450737,,
10,,7099,0.46875,0.6941164135932922,,
10,,7109,0.3125,0.6990624070167542,,
10,,7119,0.53125,0.6924497485160828,,
10,,7129,0.46875,0.6942195892333984,,
10,,7139,0.5,0.6928760409355164,,
10,,7149,0.40625,0.6967347264289856,,
10,,7159,0.34375,0.699133038520813,,
10,,7169,0.3125,0.6987055540084839,,
10,,7171,,,0.48619958758354187,0.6936353445053101
,0.0008853713647665069,7172,,,,
11,,7179,0.5,0.6934354305267334,,
11,,7189,0.6875,0.6884242296218872,,
11,,7199,0.5,0.6930361390113831,,
11,,7209,0.65625,0.6889153122901917,,
11,,7219,0.53125,0.6919246912002563,,
11,,7229,0.5,0.6944546103477478,,
11,,7239,0.5,0.6935790777206421,,
11,,7249,0.625,0.6874651908874512,,
11,,7259,0.3125,0.6995515823364258,,
11,,7269,0.375,0.6981582641601562,,
11,,7279,0.46875,0.6948344707489014,,
11,,7289,0.6875,0.686997652053833,,
11,,7299,0.5625,0.6896039247512817,,
11,,7309,0.375,0.6984606385231018,,
11,,7319,0.625,0.6886482238769531,,
11,,7329,0.4375,0.6954025626182556,,
11,,7339,0.4375,0.6948423981666565,,
11,,7349,0.75,0.685695469379425,,
11,,7359,0.53125,0.6920331716537476,,
11,,7369,0.75,0.6858565211296082,,
11,,7379,0.40625,0.696692943572998,,
11,,7389,0.53125,0.6919733881950378,,
11,,7399,0.46875,0.6948354244232178,,
11,,7409,0.625,0.6868106126785278,,
11,,7419,0.34375,0.7013357281684875,,
11,,7429,0.5,0.6938122510910034,,
11,,7439,0.53125,0.6922624707221985,,
11,,7449,0.71875,0.68475341796875,,
11,,7459,0.625,0.6884599328041077,,
11,,7469,0.53125,0.6923322081565857,,
11,,7479,0.5,0.6932979226112366,,
11,,7489,0.46875,0.6944226622581482,,
11,,7499,0.28125,0.7027149200439453,,
11,,7509,0.53125,0.6919011473655701,,
11,,7519,0.75,0.6820277571678162,,
11,,7529,0.375,0.7005900144577026,,
11,,7539,0.3125,0.7031038403511047,,
11,,7549,0.46875,0.6950865983963013,,
11,,7559,0.53125,0.6921310424804688,,
11,,7569,0.53125,0.6918175220489502,,
11,,7579,0.53125,0.6919553279876709,,
11,,7589,0.25,0.703907310962677,,
11,,7599,0.5,0.6934438943862915,,
11,,7609,0.53125,0.6921563744544983,,
11,,7619,0.5,0.6927826404571533,,
11,,7629,0.5625,0.6916558146476746,,
11,,7639,0.5625,0.6912816166877747,,
11,,7649,0.71875,0.6862369775772095,,
11,,7659,0.5,0.6933419108390808,,
11,,7669,0.59375,0.6906455755233765,,
11,,7679,0.59375,0.6909410357475281,,
11,,7689,0.59375,0.6910584568977356,,
11,,7699,0.6875,0.688561737537384,,
11,,7709,0.5,0.6933400630950928,,
11,,7719,0.5,0.6935065984725952,,
11,,7729,0.65625,0.688991129398346,,
11,,7739,0.65625,0.6893963813781738,,
11,,7749,0.375,0.6969606280326843,,
11,,7759,0.46875,0.6939092874526978,,
11,,7769,0.59375,0.6904374361038208,,
11,,7779,0.53125,0.6923892498016357,,
11,,7789,0.4375,0.6953631639480591,,
11,,7799,0.625,0.688751220703125,,
11,,7809,0.5,0.6935487389564514,,
11,,7819,0.5625,0.6913700699806213,,
11,,7823,,,0.48619958758354187,0.6936052441596985
,0.0008646198293969952,7824,,,,
12,,7829,0.5625,0.6918392777442932,,
12,,7839,0.4375,0.6946002840995789,,
12,,7849,0.53125,0.6921927332878113,,
12,,7859,0.53125,0.692765474319458,,
12,,7869,0.4375,0.6946982145309448,,
12,,7879,0.375,0.697708785533905,,
12,,7889,0.46875,0.6944317817687988,,
12,,7899,0.5,0.6933177709579468,,
12,,7909,0.75,0.6839686036109924,,
12,,7919,0.5,0.6932306885719299,,
12,,7929,0.53125,0.6917014718055725,,
12,,7939,0.71875,0.6845192909240723,,
12,,7949,0.71875,0.6853647232055664,,
12,,7959,0.46875,0.6946782469749451,,
12,,7969,0.5,0.6936951875686646,,
12,,7979,0.34375,0.6991923451423645,,
12,,7989,0.65625,0.6883242130279541,,
12,,7999,0.53125,0.6923275589942932,,
12,,8009,0.5,0.6931654214859009,,
12,,8019,0.375,0.6972469687461853,,
12,,8029,0.46875,0.6942083239555359,,
12,,8039,0.5625,0.6915063858032227,,
12,,8049,0.5625,0.6908376216888428,,
12,,8059,0.3125,0.7017711997032166,,
12,,8069,0.40625,0.6974725723266602,,
12,,8079,0.625,0.6880197525024414,,
12,,8089,0.65625,0.6877776980400085,,
12,,8099,0.46875,0.6944538354873657,,
12,,8109,0.53125,0.6920750141143799,,
12,,8119,0.625,0.6883351802825928,,
12,,8129,0.375,0.6982913613319397,,
12,,8139,0.46875,0.695084273815155,,
12,,8149,0.5,0.6932056546211243,,
12,,8159,0.53125,0.6920181512832642,,
12,,8169,0.71875,0.6838364601135254,,
12,,8179,0.40625,0.6978346109390259,,
12,,8189,0.4375,0.6968473196029663,,
12,,8199,0.375,0.698827862739563,,
12,,8209,0.5,0.6936064958572388,,
12,,8219,0.375,0.6979891061782837,,
12,,8229,0.40625,0.6969486474990845,,
12,,8239,0.46875,0.694815993309021,,
12,,8249,0.59375,0.6898294687271118,,
12,,8259,0.28125,0.7009721994400024,,
12,,8269,0.6875,0.6867227554321289,,
12,,8279,0.625,0.6887938976287842,,
12,,8289,0.375,0.6975228190422058,,
12,,8299,0.53125,0.6924170851707458,,
12,,8309,0.625,0.6894664764404297,,
12,,8319,0.375,0.6966128945350647,,
12,,8329,0.34375,0.6975499391555786,,
12,,8339,0.59375,0.6912180185317993,,
12,,8349,0.28125,0.6990197896957397,,
12,,8359,0.375,0.6966588497161865,,
12,,8369,0.3125,0.6977406144142151,,
12,,8379,0.34375,0.6973652839660645,,
12,,8389,0.28125,0.6991477012634277,,
12,,8399,0.3125,0.6983547210693359,,
12,,8409,0.5,0.6931809782981873,,
12,,8419,0.46875,0.6942858099937439,,
12,,8429,0.625,0.6894127726554871,,
12,,8439,0.46875,0.6943610906600952,,
12,,8449,0.6875,0.6875653266906738,,
12,,8459,0.53125,0.6921977996826172,,
12,,8469,0.46875,0.694159746170044,,
12,,8475,,,0.48619958758354187,0.6936069130897522
